﻿分區,職務,試務人員,編號
第一分區（板橋高中),考區主任,陳志源,101
第一分區（板橋高中),考區副主任,詹芷琳,102
第一分區（板橋高中),考區總幹事,戴立仁,103
第二分區（新北高工),考區副總幹事,吳虹蓉,104
第二分區（新北高工),考區試務主任,黃苡瑄,105
第二分區（新北高工),考區試務幹事,林瑩圳,106
第三分區（恆毅高中),考區巡場安全督導,楊蕙如,107
第三分區（恆毅高中),分區主任,黃景怡,108
第三分區（恆毅高中),分區副主任,張瑜容,109